{"cameraMode":{"drawMode":0,"name":"Shaded","section":"Shading Mode"},"sceneLighting":true,"audioPlay":false,"sceneViewState":{"m_AlwaysRefresh":false,"showFog":true,"showSkybox":true,"showFlares":true,"showImageEffects":true,"showParticleSystems":true,"showVisualEffectGraphs":true,"m_FxEnabled":true},"in2DMode":false,"pivot":{"x":1.149977207183838,"y":3.595254898071289,"z":0.24361714720726014},"rotation":{"x":0.06506962329149246,"y":0.9300945401191711,"z":-0.29998737573623659,"w":0.20174600183963777},"size":6.8421125411987309,"orthographic":false}